rank,uid,title,year,venue,url,problem_claimed,actual_mechanism,hidden_assumptions,variables_treated_as_fixed,failure_modes_ignored,what_it_makes_less_novel,what_it_leaves_open
1,arxiv:2410.20542v2,PaPaGei: Open Foundation Models for Optical Physiological Signals,2024,arXiv,http://arxiv.org/abs/2410.20542v2,Addresses open robot datasets or a neighboring robotics mechanism.,"Prior work usually predicts, ranks, filters, or imitates observed behavior rather than preserving unrealized branches.",The observed outcome is enough to supervise the model.,"Contact mode support, embodiment limits, and deployment perturbations.","Branch collapse, hidden-mode shift, and tail-risk planning failures.",Generic world models and generic uncertainty are crowded.,Open robot data coverage gaps keeps action-critical alternatives explicit until a physical observation collapses them.
2,doi:10.3390/drones9080575,A Hierarchical Decoupling Task Planning Method for Multi-UAV Collaborative Multi-Region Coverage with Task Priority Awareness,2025,Drones,https://doi.org/10.3390/drones9080575,Addresses open robot datasets or a neighboring robotics mechanism.,"Prior work usually predicts, ranks, filters, or imitates observed behavior rather than preserving unrealized branches.",The observed outcome is enough to supervise the model.,"Contact mode support, embodiment limits, and deployment perturbations.","Branch collapse, hidden-mode shift, and tail-risk planning failures.",Generic world models and generic uncertainty are crowded.,Open robot data coverage gaps keeps action-critical alternatives explicit until a physical observation collapses them.
3,doi:10.1109/icra57147.2024.10611477,Open X-Embodiment: Robotic Learning Datasets and RT-X Models : Open X-Embodiment Collaboration 0,2024,,https://doi.org/10.1109/icra57147.2024.10611477,Addresses open robot datasets or a neighboring robotics mechanism.,"Prior work usually predicts, ranks, filters, or imitates observed behavior rather than preserving unrealized branches.",The observed outcome is enough to supervise the model.,"Contact mode support, embodiment limits, and deployment perturbations.","Branch collapse, hidden-mode shift, and tail-risk planning failures.",Generic world models and generic uncertainty are crowded.,Open robot data coverage gaps keeps action-critical alternatives explicit until a physical observation collapses them.
4,doi:10.48550/arxiv.2310.08864,Open X-Embodiment: Robotic Learning Datasets and RT-X Models,2023,arXiv (Cornell University),https://doi.org/10.48550/arxiv.2310.08864,Addresses open robot datasets or a neighboring robotics mechanism.,"Prior work usually predicts, ranks, filters, or imitates observed behavior rather than preserving unrealized branches.",The observed outcome is enough to supervise the model.,"Contact mode support, embodiment limits, and deployment perturbations.","Branch collapse, hidden-mode shift, and tail-risk planning failures.",Generic world models and generic uncertainty are crowded.,Open robot data coverage gaps keeps action-critical alternatives explicit until a physical observation collapses them.
5,doi:10.1162/imag_a_00057,Denoising task-correlated head motion from motor-task fMRI data with multi-echo ICA,2024,Imaging Neuroscience,https://doi.org/10.1162/imag_a_00057,Addresses open robot datasets or a neighboring robotics mechanism.,"Prior work usually predicts, ranks, filters, or imitates observed behavior rather than preserving unrealized branches.",The observed outcome is enough to supervise the model.,"Contact mode support, embodiment limits, and deployment perturbations.","Branch collapse, hidden-mode shift, and tail-risk planning failures.",Generic world models and generic uncertainty are crowded.,Open robot data coverage gaps keeps action-critical alternatives explicit until a physical observation collapses them.
6,doi:10.1093/jamiaopen/ooaf122,ECG-FM: an open electrocardiogram foundation model,2025,JAMIA Open,https://doi.org/10.1093/jamiaopen/ooaf122,Addresses open robot datasets or a neighboring robotics mechanism.,"Prior work usually predicts, ranks, filters, or imitates observed behavior rather than preserving unrealized branches.",The observed outcome is enough to supervise the model.,"Contact mode support, embodiment limits, and deployment perturbations.","Branch collapse, hidden-mode shift, and tail-risk planning failures.",Generic world models and generic uncertainty are crowded.,Open robot data coverage gaps keeps action-critical alternatives explicit until a physical observation collapses them.
7,doi:10.1007/s00371-025-04351-4,GenYOLO-leaf: a data-centric and open source framework for generalizable leaf instance segmentation across diverse datasets,2026,The Visual Computer,https://doi.org/10.1007/s00371-025-04351-4,Addresses open robot datasets or a neighboring robotics mechanism.,"Prior work usually predicts, ranks, filters, or imitates observed behavior rather than preserving unrealized branches.",The observed outcome is enough to supervise the model.,"Contact mode support, embodiment limits, and deployment perturbations.","Branch collapse, hidden-mode shift, and tail-risk planning failures.",Generic world models and generic uncertainty are crowded.,Open robot data coverage gaps keeps action-critical alternatives explicit until a physical observation collapses them.
8,doi:10.2139/ssrn.6304924,Flood Depth Mapping with SWOT-Derived Training Data: Evaluating the Potential of Open-Source Datasets,,,https://doi.org/10.2139/ssrn.6304924,Addresses open robot datasets or a neighboring robotics mechanism.,"Prior work usually predicts, ranks, filters, or imitates observed behavior rather than preserving unrealized branches.",The observed outcome is enough to supervise the model.,"Contact mode support, embodiment limits, and deployment perturbations.","Branch collapse, hidden-mode shift, and tail-risk planning failures.",Generic world models and generic uncertainty are crowded.,Open robot data coverage gaps keeps action-critical alternatives explicit until a physical observation collapses them.
9,doi:10.36001/ijphm.2024.v15i2.3993,Machine Learning Approaches for Diagnostics and Prognostics of Industrial Systems Using Open Source Data from PHM Data Challenges,2024,International Journal of Prognostics and Health Management,https://doi.org/10.36001/ijphm.2024.v15i2.3993,Addresses open robot datasets or a neighboring robotics mechanism.,"Prior work usually predicts, ranks, filters, or imitates observed behavior rather than preserving unrealized branches.",The observed outcome is enough to supervise the model.,"Contact mode support, embodiment limits, and deployment perturbations.","Branch collapse, hidden-mode shift, and tail-risk planning failures.",Generic world models and generic uncertainty are crowded.,Open robot data coverage gaps keeps action-critical alternatives explicit until a physical observation collapses them.
10,arxiv:2512.01946v3,Scaling Cross-Environment Failure Reasoning Data for Vision-Language Robotic Manipulation,2025,arXiv,http://arxiv.org/abs/2512.01946v3,Addresses open robot datasets or a neighboring robotics mechanism.,"Prior work usually predicts, ranks, filters, or imitates observed behavior rather than preserving unrealized branches.",The observed outcome is enough to supervise the model.,"Contact mode support, embodiment limits, and deployment perturbations.","Branch collapse, hidden-mode shift, and tail-risk planning failures.",Generic world models and generic uncertainty are crowded.,Open robot data coverage gaps keeps action-critical alternatives explicit until a physical observation collapses them.
11,doi:10.3390/robotics15010015,HGTA: A Hexagonal Grid-Based Task Allocation Method for Multi-Robot Coverage in Known 2D Environments,2026,Robotics,https://doi.org/10.3390/robotics15010015,Addresses open robot datasets or a neighboring robotics mechanism.,"Prior work usually predicts, ranks, filters, or imitates observed behavior rather than preserving unrealized branches.",The observed outcome is enough to supervise the model.,"Contact mode support, embodiment limits, and deployment perturbations.","Branch collapse, hidden-mode shift, and tail-risk planning failures.",Generic world models and generic uncertainty are crowded.,Open robot data coverage gaps keeps action-critical alternatives explicit until a physical observation collapses them.
12,doi:10.36227/techrxiv.175756484.48648133/v1,"AI Robotics Open Source R&D Survey: Foundation Models, Datasets, Simulation, and Benchmarks Platforms (2023-2025)",,,https://doi.org/10.36227/techrxiv.175756484.48648133/v1,Addresses open robot datasets or a neighboring robotics mechanism.,"Prior work usually predicts, ranks, filters, or imitates observed behavior rather than preserving unrealized branches.",The observed outcome is enough to supervise the model.,"Contact mode support, embodiment limits, and deployment perturbations.","Branch collapse, hidden-mode shift, and tail-risk planning failures.",Generic world models and generic uncertainty are crowded.,Open robot data coverage gaps keeps action-critical alternatives explicit until a physical observation collapses them.
13,doi:10.3390/s24020651,Task Assignment and Path Planning Mechanism Based on Grade-Matching Degree and Task Similarity in Participatory Crowdsensing,2024,Sensors,https://doi.org/10.3390/s24020651,Addresses open robot datasets or a neighboring robotics mechanism.,"Prior work usually predicts, ranks, filters, or imitates observed behavior rather than preserving unrealized branches.",The observed outcome is enough to supervise the model.,"Contact mode support, embodiment limits, and deployment perturbations.","Branch collapse, hidden-mode shift, and tail-risk planning failures.",Generic world models and generic uncertainty are crowded.,Open robot data coverage gaps keeps action-critical alternatives explicit until a physical observation collapses them.
14,doi:10.3389/fnhum.2021.765525,Data Augmentation for Deep Neural Networks Model in EEG Classification Task: A Review,2021,Frontiers in Human Neuroscience,https://doi.org/10.3389/fnhum.2021.765525,Addresses open robot datasets or a neighboring robotics mechanism.,"Prior work usually predicts, ranks, filters, or imitates observed behavior rather than preserving unrealized branches.",The observed outcome is enough to supervise the model.,"Contact mode support, embodiment limits, and deployment perturbations.","Branch collapse, hidden-mode shift, and tail-risk planning failures.",Generic world models and generic uncertainty are crowded.,Open robot data coverage gaps keeps action-critical alternatives explicit until a physical observation collapses them.
15,doi:10.5121/csit.2025.152001,ENTERPRISE LARGE LANGUAGE MODEL EVALUATION BENCHMARK,2025,Machine Learning Techniques and NLP,https://doi.org/10.5121/csit.2025.152001,Addresses open robot datasets or a neighboring robotics mechanism.,"Prior work usually predicts, ranks, filters, or imitates observed behavior rather than preserving unrealized branches.",The observed outcome is enough to supervise the model.,"Contact mode support, embodiment limits, and deployment perturbations.","Branch collapse, hidden-mode shift, and tail-risk planning failures.",Generic world models and generic uncertainty are crowded.,Open robot data coverage gaps keeps action-critical alternatives explicit until a physical observation collapses them.
16,arxiv:2310.08864v9,Open X-Embodiment: Robotic Learning Datasets and RT-X Models,2023,arXiv,http://arxiv.org/abs/2310.08864v9,Addresses open robot datasets or a neighboring robotics mechanism.,"Prior work usually predicts, ranks, filters, or imitates observed behavior rather than preserving unrealized branches.",The observed outcome is enough to supervise the model.,"Contact mode support, embodiment limits, and deployment perturbations.","Branch collapse, hidden-mode shift, and tail-risk planning failures.",Generic world models and generic uncertainty are crowded.,Open robot data coverage gaps keeps action-critical alternatives explicit until a physical observation collapses them.
17,doi:10.1177/0278364915583880,Grasp planning to maximize task coverage,2015,The International Journal of Robotics Research,https://doi.org/10.1177/0278364915583880,Addresses open robot datasets or a neighboring robotics mechanism.,"Prior work usually predicts, ranks, filters, or imitates observed behavior rather than preserving unrealized branches.",The observed outcome is enough to supervise the model.,"Contact mode support, embodiment limits, and deployment perturbations.","Branch collapse, hidden-mode shift, and tail-risk planning failures.",Generic world models and generic uncertainty are crowded.,Open robot data coverage gaps keeps action-critical alternatives explicit until a physical observation collapses them.
18,doi:10.5772/acrt20250081,"Engagingness in Open-Domain Dialogue Systems: A Systematic Survey of Datasets, Metrics and Methods",2026,"AI, Computer Science and Robotics Technology",https://doi.org/10.5772/acrt20250081,Addresses open robot datasets or a neighboring robotics mechanism.,"Prior work usually predicts, ranks, filters, or imitates observed behavior rather than preserving unrealized branches.",The observed outcome is enough to supervise the model.,"Contact mode support, embodiment limits, and deployment perturbations.","Branch collapse, hidden-mode shift, and tail-risk planning failures.",Generic world models and generic uncertainty are crowded.,Open robot data coverage gaps keeps action-critical alternatives explicit until a physical observation collapses them.
19,doi:10.3390/s26010165,Cross-Modality Alignment Perception and Multi-Head Self-Attention Mechanism for Vision-Language-Action of Humanoid Robot,2025,Sensors,https://doi.org/10.3390/s26010165,Addresses open robot datasets or a neighboring robotics mechanism.,"Prior work usually predicts, ranks, filters, or imitates observed behavior rather than preserving unrealized branches.",The observed outcome is enough to supervise the model.,"Contact mode support, embodiment limits, and deployment perturbations.","Branch collapse, hidden-mode shift, and tail-risk planning failures.",Generic world models and generic uncertainty are crowded.,Open robot data coverage gaps keeps action-critical alternatives explicit until a physical observation collapses them.
20,doi:10.1049/cvi2.12268,OmDet: Large‐scale vision‐language multi‐dataset pre‐training with multimodal detection network,2024,IET Computer Vision,https://doi.org/10.1049/cvi2.12268,Addresses open robot datasets or a neighboring robotics mechanism.,"Prior work usually predicts, ranks, filters, or imitates observed behavior rather than preserving unrealized branches.",The observed outcome is enough to supervise the model.,"Contact mode support, embodiment limits, and deployment perturbations.","Branch collapse, hidden-mode shift, and tail-risk planning failures.",Generic world models and generic uncertainty are crowded.,Open robot data coverage gaps keeps action-critical alternatives explicit until a physical observation collapses them.
21,arxiv:2210.01287v2,Robot Task Planning and Situation Handling in Open Worlds,2022,arXiv,http://arxiv.org/abs/2210.01287v2,Addresses open robot datasets or a neighboring robotics mechanism.,"Prior work usually predicts, ranks, filters, or imitates observed behavior rather than preserving unrealized branches.",The observed outcome is enough to supervise the model.,"Contact mode support, embodiment limits, and deployment perturbations.","Branch collapse, hidden-mode shift, and tail-risk planning failures.",Generic world models and generic uncertainty are crowded.,Open robot data coverage gaps keeps action-critical alternatives explicit until a physical observation collapses them.
22,arxiv:2503.11646v1,Adversarial Data Collection: Human-Collaborative Perturbations for Efficient and Robust Robotic Imitation Learning,2025,arXiv,http://arxiv.org/abs/2503.11646v1,Addresses open robot datasets or a neighboring robotics mechanism.,"Prior work usually predicts, ranks, filters, or imitates observed behavior rather than preserving unrealized branches.",The observed outcome is enough to supervise the model.,"Contact mode support, embodiment limits, and deployment perturbations.","Branch collapse, hidden-mode shift, and tail-risk planning failures.",Generic world models and generic uncertainty are crowded.,Open robot data coverage gaps keeps action-critical alternatives explicit until a physical observation collapses them.
23,arxiv:2506.18088v2,RoboTwin 2.0: A Scalable Data Generator and Benchmark with Strong Domain Randomization for Robust Bimanual Robotic Manipulation,2025,arXiv,http://arxiv.org/abs/2506.18088v2,Addresses open robot datasets or a neighboring robotics mechanism.,"Prior work usually predicts, ranks, filters, or imitates observed behavior rather than preserving unrealized branches.",The observed outcome is enough to supervise the model.,"Contact mode support, embodiment limits, and deployment perturbations.","Branch collapse, hidden-mode shift, and tail-risk planning failures.",Generic world models and generic uncertainty are crowded.,Open robot data coverage gaps keeps action-critical alternatives explicit until a physical observation collapses them.
24,doi:10.3390/s25134096,Cross-Modal Data Fusion via Vision-Language Model for Crop Disease Recognition,2025,Sensors,https://doi.org/10.3390/s25134096,Addresses open robot datasets or a neighboring robotics mechanism.,"Prior work usually predicts, ranks, filters, or imitates observed behavior rather than preserving unrealized branches.",The observed outcome is enough to supervise the model.,"Contact mode support, embodiment limits, and deployment perturbations.","Branch collapse, hidden-mode shift, and tail-risk planning failures.",Generic world models and generic uncertainty are crowded.,Open robot data coverage gaps keeps action-critical alternatives explicit until a physical observation collapses them.
25,doi:10.1038/s41597-021-00870-6,"The Amsterdam Open MRI Collection, a set of multimodal MRI datasets for individual difference analyses",2021,Scientific Data,https://doi.org/10.1038/s41597-021-00870-6,Addresses open robot datasets or a neighboring robotics mechanism.,"Prior work usually predicts, ranks, filters, or imitates observed behavior rather than preserving unrealized branches.",The observed outcome is enough to supervise the model.,"Contact mode support, embodiment limits, and deployment perturbations.","Branch collapse, hidden-mode shift, and tail-risk planning failures.",Generic world models and generic uncertainty are crowded.,Open robot data coverage gaps keeps action-critical alternatives explicit until a physical observation collapses them.
26,doi:10.5194/egusphere-2026-619,Scalable Earth Observation Data Cubes for Advanced Analytics of Dynamic Earth Surface Processes: An Open-Source Package for Customized Processing of Sentinel-2 Data on HPCs and Beyond,,,https://doi.org/10.5194/egusphere-2026-619,Addresses open robot datasets or a neighboring robotics mechanism.,"Prior work usually predicts, ranks, filters, or imitates observed behavior rather than preserving unrealized branches.",The observed outcome is enough to supervise the model.,"Contact mode support, embodiment limits, and deployment perturbations.","Branch collapse, hidden-mode shift, and tail-risk planning failures.",Generic world models and generic uncertainty are crowded.,Open robot data coverage gaps keeps action-critical alternatives explicit until a physical observation collapses them.
27,doi:10.15607/rss.2025.xxi.152,RoboMIND: Benchmark on Multi-embodiment Intelligence Normative Data for Robot Manipulation,2024,arXiv,http://arxiv.org/abs/2412.13877v3,Addresses open robot datasets or a neighboring robotics mechanism.,"Prior work usually predicts, ranks, filters, or imitates observed behavior rather than preserving unrealized branches.",The observed outcome is enough to supervise the model.,"Contact mode support, embodiment limits, and deployment perturbations.","Branch collapse, hidden-mode shift, and tail-risk planning failures.",Generic world models and generic uncertainty are crowded.,Open robot data coverage gaps keeps action-critical alternatives explicit until a physical observation collapses them.
28,doi:10.4108/airo.8870,Evaluating Open-Source Vision Language Models for Facial Emotion Recognition Against Traditional Deep Learning Models,2025,EAI Endorsed Transactions on AI and Robotics,https://doi.org/10.4108/airo.8870,Addresses open robot datasets or a neighboring robotics mechanism.,"Prior work usually predicts, ranks, filters, or imitates observed behavior rather than preserving unrealized branches.",The observed outcome is enough to supervise the model.,"Contact mode support, embodiment limits, and deployment perturbations.","Branch collapse, hidden-mode shift, and tail-risk planning failures.",Generic world models and generic uncertainty are crowded.,Open robot data coverage gaps keeps action-critical alternatives explicit until a physical observation collapses them.
29,doi:10.33166/aetic.2025.05.002,AstuteRAG-FQA: Task-Aware Retrieval-Augmented Generation Framework for Proprietary Data Challenges in Financial Question Answering,2025,Annals of Emerging Technologies in Computing,https://doi.org/10.33166/aetic.2025.05.002,Addresses open robot datasets or a neighboring robotics mechanism.,"Prior work usually predicts, ranks, filters, or imitates observed behavior rather than preserving unrealized branches.",The observed outcome is enough to supervise the model.,"Contact mode support, embodiment limits, and deployment perturbations.","Branch collapse, hidden-mode shift, and tail-risk planning failures.",Generic world models and generic uncertainty are crowded.,Open robot data coverage gaps keeps action-critical alternatives explicit until a physical observation collapses them.
30,arxiv:2011.00621v1,Semantic Task Planning for Service Robots in Open World,2020,arXiv,http://arxiv.org/abs/2011.00621v1,Addresses open robot datasets or a neighboring robotics mechanism.,"Prior work usually predicts, ranks, filters, or imitates observed behavior rather than preserving unrealized branches.",The observed outcome is enough to supervise the model.,"Contact mode support, embodiment limits, and deployment perturbations.","Branch collapse, hidden-mode shift, and tail-risk planning failures.",Generic world models and generic uncertainty are crowded.,Open robot data coverage gaps keeps action-critical alternatives explicit until a physical observation collapses them.
31,arxiv:2504.11108v2,Benchmarking Vision Language Models on German Factual Data,2025,arXiv,http://arxiv.org/abs/2504.11108v2,Addresses open robot datasets or a neighboring robotics mechanism.,"Prior work usually predicts, ranks, filters, or imitates observed behavior rather than preserving unrealized branches.",The observed outcome is enough to supervise the model.,"Contact mode support, embodiment limits, and deployment perturbations.","Branch collapse, hidden-mode shift, and tail-risk planning failures.",Generic world models and generic uncertainty are crowded.,Open robot data coverage gaps keeps action-critical alternatives explicit until a physical observation collapses them.
32,arxiv:2512.19178v1,Vision-Language-Policy Model for Dynamic Robot Task Planning,2025,arXiv,http://arxiv.org/abs/2512.19178v1,Addresses open robot datasets or a neighboring robotics mechanism.,"Prior work usually predicts, ranks, filters, or imitates observed behavior rather than preserving unrealized branches.",The observed outcome is enough to supervise the model.,"Contact mode support, embodiment limits, and deployment perturbations.","Branch collapse, hidden-mode shift, and tail-risk planning failures.",Generic world models and generic uncertainty are crowded.,Open robot data coverage gaps keeps action-critical alternatives explicit until a physical observation collapses them.
33,doi:10.1515/pjbr-2015-0002,Open-source benchmarking for learned reaching motion generation in robotics,2015,"Paladyn, Journal of Behavioral Robotics",https://doi.org/10.1515/pjbr-2015-0002,Addresses open robot datasets or a neighboring robotics mechanism.,"Prior work usually predicts, ranks, filters, or imitates observed behavior rather than preserving unrealized branches.",The observed outcome is enough to supervise the model.,"Contact mode support, embodiment limits, and deployment perturbations.","Branch collapse, hidden-mode shift, and tail-risk planning failures.",Generic world models and generic uncertainty are crowded.,Open robot data coverage gaps keeps action-critical alternatives explicit until a physical observation collapses them.
34,arxiv:2209.10486v2,An Open Tele-Impedance Framework to Generate Data for Contact-Rich Tasks in Robotic Manipulation,2022,arXiv,http://arxiv.org/abs/2209.10486v2,Addresses open robot datasets or a neighboring robotics mechanism.,"Prior work usually predicts, ranks, filters, or imitates observed behavior rather than preserving unrealized branches.",The observed outcome is enough to supervise the model.,"Contact mode support, embodiment limits, and deployment perturbations.","Branch collapse, hidden-mode shift, and tail-risk planning failures.",Generic world models and generic uncertainty are crowded.,Open robot data coverage gaps keeps action-critical alternatives explicit until a physical observation collapses them.
35,arxiv:2511.20492v1,Kleinkram: Open Robotic Data Management,2025,arXiv,http://arxiv.org/abs/2511.20492v1,Addresses open robot datasets or a neighboring robotics mechanism.,"Prior work usually predicts, ranks, filters, or imitates observed behavior rather than preserving unrealized branches.",The observed outcome is enough to supervise the model.,"Contact mode support, embodiment limits, and deployment perturbations.","Branch collapse, hidden-mode shift, and tail-risk planning failures.",Generic world models and generic uncertainty are crowded.,Open robot data coverage gaps keeps action-critical alternatives explicit until a physical observation collapses them.
36,arxiv:2604.21017v3,Open-H-Embodiment: A Large-Scale Dataset for Enabling Foundation Models in Medical Robotics,2026,arXiv,http://arxiv.org/abs/2604.21017v3,Addresses open robot datasets or a neighboring robotics mechanism.,"Prior work usually predicts, ranks, filters, or imitates observed behavior rather than preserving unrealized branches.",The observed outcome is enough to supervise the model.,"Contact mode support, embodiment limits, and deployment perturbations.","Branch collapse, hidden-mode shift, and tail-risk planning failures.",Generic world models and generic uncertainty are crowded.,Open robot data coverage gaps keeps action-critical alternatives explicit until a physical observation collapses them.
37,arxiv:2503.14526v1,ReBot: Scaling Robot Learning with Real-to-Sim-to-Real Robotic Video Synthesis,2025,arXiv,http://arxiv.org/abs/2503.14526v1,Addresses open robot datasets or a neighboring robotics mechanism.,"Prior work usually predicts, ranks, filters, or imitates observed behavior rather than preserving unrealized branches.",The observed outcome is enough to supervise the model.,"Contact mode support, embodiment limits, and deployment perturbations.","Branch collapse, hidden-mode shift, and tail-risk planning failures.",Generic world models and generic uncertainty are crowded.,Open robot data coverage gaps keeps action-critical alternatives explicit until a physical observation collapses them.
38,arxiv:2504.17901v2,Beyond Task and Motion Planning: Hierarchical Robot Planning with General-Purpose Skills,2025,arXiv,http://arxiv.org/abs/2504.17901v2,Addresses open robot datasets or a neighboring robotics mechanism.,"Prior work usually predicts, ranks, filters, or imitates observed behavior rather than preserving unrealized branches.",The observed outcome is enough to supervise the model.,"Contact mode support, embodiment limits, and deployment perturbations.","Branch collapse, hidden-mode shift, and tail-risk planning failures.",Generic world models and generic uncertainty are crowded.,Open robot data coverage gaps keeps action-critical alternatives explicit until a physical observation collapses them.
39,arxiv:2511.20841v1,OVAL-Grasp: Open-Vocabulary Affordance Localization for Task Oriented Grasping,2025,arXiv,http://arxiv.org/abs/2511.20841v1,Addresses open robot datasets or a neighboring robotics mechanism.,"Prior work usually predicts, ranks, filters, or imitates observed behavior rather than preserving unrealized branches.",The observed outcome is enough to supervise the model.,"Contact mode support, embodiment limits, and deployment perturbations.","Branch collapse, hidden-mode shift, and tail-risk planning failures.",Generic world models and generic uncertainty are crowded.,Open robot data coverage gaps keeps action-critical alternatives explicit until a physical observation collapses them.
40,doi:10.1109/lra.2023.3292581,Evaluating the Task Generalization of Temporal Convolutional Networks for Surgical Gesture and Motion Recognition Using Kinematic Data,2023,IEEE Robotics and Automation Letters,https://doi.org/10.1109/lra.2023.3292581,Addresses open robot datasets or a neighboring robotics mechanism.,"Prior work usually predicts, ranks, filters, or imitates observed behavior rather than preserving unrealized branches.",The observed outcome is enough to supervise the model.,"Contact mode support, embodiment limits, and deployment perturbations.","Branch collapse, hidden-mode shift, and tail-risk planning failures.",Generic world models and generic uncertainty are crowded.,Open robot data coverage gaps keeps action-critical alternatives explicit until a physical observation collapses them.
41,doi:10.1109/lra.2026.3656799,Open-World Task and Motion Planning via Vision-Language Model Generated Constraints,2026,IEEE Robotics and Automation Letters,https://doi.org/10.1109/lra.2026.3656799,Addresses open robot datasets or a neighboring robotics mechanism.,"Prior work usually predicts, ranks, filters, or imitates observed behavior rather than preserving unrealized branches.",The observed outcome is enough to supervise the model.,"Contact mode support, embodiment limits, and deployment perturbations.","Branch collapse, hidden-mode shift, and tail-risk planning failures.",Generic world models and generic uncertainty are crowded.,Open robot data coverage gaps keeps action-critical alternatives explicit until a physical observation collapses them.
42,arxiv:2605.21835v1,An Open Multi-Center Whole-Body FDG PET/CT Foundation Model for Tumor Segmentation,2026,arXiv,http://arxiv.org/abs/2605.21835v1,Addresses open robot datasets or a neighboring robotics mechanism.,"Prior work usually predicts, ranks, filters, or imitates observed behavior rather than preserving unrealized branches.",The observed outcome is enough to supervise the model.,"Contact mode support, embodiment limits, and deployment perturbations.","Branch collapse, hidden-mode shift, and tail-risk planning failures.",Generic world models and generic uncertainty are crowded.,Open robot data coverage gaps keeps action-critical alternatives explicit until a physical observation collapses them.
43,arxiv:2601.15197v7,LangForce: Bayesian Decomposition of Vision Language Action Models via Latent Action Queries,2026,arXiv,http://arxiv.org/abs/2601.15197v7,Addresses open robot datasets or a neighboring robotics mechanism.,"Prior work usually predicts, ranks, filters, or imitates observed behavior rather than preserving unrealized branches.",The observed outcome is enough to supervise the model.,"Contact mode support, embodiment limits, and deployment perturbations.","Branch collapse, hidden-mode shift, and tail-risk planning failures.",Generic world models and generic uncertainty are crowded.,Open robot data coverage gaps keeps action-critical alternatives explicit until a physical observation collapses them.
44,doi:10.3390/math13060926,Large Language Model-Guided SARSA Algorithm for Dynamic Task Scheduling in Cloud Computing,2025,Mathematics,https://doi.org/10.3390/math13060926,Addresses open robot datasets or a neighboring robotics mechanism.,"Prior work usually predicts, ranks, filters, or imitates observed behavior rather than preserving unrealized branches.",The observed outcome is enough to supervise the model.,"Contact mode support, embodiment limits, and deployment perturbations.","Branch collapse, hidden-mode shift, and tail-risk planning failures.",Generic world models and generic uncertainty are crowded.,Open robot data coverage gaps keeps action-critical alternatives explicit until a physical observation collapses them.
45,doi:10.1007/s11192-024-04956-x,Analysis on open data as a foundation for data-driven research,2024,Scientometrics,https://doi.org/10.1007/s11192-024-04956-x,Addresses open robot datasets or a neighboring robotics mechanism.,"Prior work usually predicts, ranks, filters, or imitates observed behavior rather than preserving unrealized branches.",The observed outcome is enough to supervise the model.,"Contact mode support, embodiment limits, and deployment perturbations.","Branch collapse, hidden-mode shift, and tail-risk planning failures.",Generic world models and generic uncertainty are crowded.,Open robot data coverage gaps keeps action-critical alternatives explicit until a physical observation collapses them.
46,doi:10.59982/18294359-25.2-mg-20,"MEASURING GEOPOLITICAL RISK WITH OPEN SOURCES: DATA FOUNDATIONS, CODING SCHEMES, AND CHALLENGES",2025,"""EUROPEAN UNIVERSITY"" SCIENTIFIC COLLECTION OF ARTICLES",https://doi.org/10.59982/18294359-25.2-mg-20,Addresses open robot datasets or a neighboring robotics mechanism.,"Prior work usually predicts, ranks, filters, or imitates observed behavior rather than preserving unrealized branches.",The observed outcome is enough to supervise the model.,"Contact mode support, embodiment limits, and deployment perturbations.","Branch collapse, hidden-mode shift, and tail-risk planning failures.",Generic world models and generic uncertainty are crowded.,Open robot data coverage gaps keeps action-critical alternatives explicit until a physical observation collapses them.
47,arxiv:2409.15250v3,ReVLA: Reverting Visual Domain Limitation of Robotic Foundation Models,2024,arXiv,http://arxiv.org/abs/2409.15250v3,Addresses open robot datasets or a neighboring robotics mechanism.,"Prior work usually predicts, ranks, filters, or imitates observed behavior rather than preserving unrealized branches.",The observed outcome is enough to supervise the model.,"Contact mode support, embodiment limits, and deployment perturbations.","Branch collapse, hidden-mode shift, and tail-risk planning failures.",Generic world models and generic uncertainty are crowded.,Open robot data coverage gaps keeps action-critical alternatives explicit until a physical observation collapses them.
48,doi:10.7287/peerj.preprints.27215v2,Remaining gaps in open source software for Big Spatial Data,,,https://doi.org/10.7287/peerj.preprints.27215v2,Addresses open robot datasets or a neighboring robotics mechanism.,"Prior work usually predicts, ranks, filters, or imitates observed behavior rather than preserving unrealized branches.",The observed outcome is enough to supervise the model.,"Contact mode support, embodiment limits, and deployment perturbations.","Branch collapse, hidden-mode shift, and tail-risk planning failures.",Generic world models and generic uncertainty are crowded.,Open robot data coverage gaps keeps action-critical alternatives explicit until a physical observation collapses them.
49,doi:10.1101/2023.07.19.549746,Denoising task-correlated head motion from motor-task fMRI data with multi-echo ICA,,,https://doi.org/10.1101/2023.07.19.549746,Addresses open robot datasets or a neighboring robotics mechanism.,"Prior work usually predicts, ranks, filters, or imitates observed behavior rather than preserving unrealized branches.",The observed outcome is enough to supervise the model.,"Contact mode support, embodiment limits, and deployment perturbations.","Branch collapse, hidden-mode shift, and tail-risk planning failures.",Generic world models and generic uncertainty are crowded.,Open robot data coverage gaps keeps action-critical alternatives explicit until a physical observation collapses them.
50,doi:10.1101/2025.07.17.663965,Facilitating analysis of open neurophysiology data on the DANDI Archive using large language model tools,,,https://doi.org/10.1101/2025.07.17.663965,Addresses open robot datasets or a neighboring robotics mechanism.,"Prior work usually predicts, ranks, filters, or imitates observed behavior rather than preserving unrealized branches.",The observed outcome is enough to supervise the model.,"Contact mode support, embodiment limits, and deployment perturbations.","Branch collapse, hidden-mode shift, and tail-risk planning failures.",Generic world models and generic uncertainty are crowded.,Open robot data coverage gaps keeps action-critical alternatives explicit until a physical observation collapses them.
51,arxiv:2605.11564v1,RIO: Flexible Real-Time Robot I/O for Cross-Embodiment Robot Learning,2026,arXiv,http://arxiv.org/abs/2605.11564v1,Addresses open robot datasets or a neighboring robotics mechanism.,"Prior work usually predicts, ranks, filters, or imitates observed behavior rather than preserving unrealized branches.",The observed outcome is enough to supervise the model.,"Contact mode support, embodiment limits, and deployment perturbations.","Branch collapse, hidden-mode shift, and tail-risk planning failures.",Generic world models and generic uncertainty are crowded.,Open robot data coverage gaps keeps action-critical alternatives explicit until a physical observation collapses them.
52,doi:10.1186/s12859-022-04617-x,CNVind: an open source cloud-based pipeline for rare CNVs detection in whole exome sequencing data based on the depth of coverage,2022,BMC Bioinformatics,https://doi.org/10.1186/s12859-022-04617-x,Addresses open robot datasets or a neighboring robotics mechanism.,"Prior work usually predicts, ranks, filters, or imitates observed behavior rather than preserving unrealized branches.",The observed outcome is enough to supervise the model.,"Contact mode support, embodiment limits, and deployment perturbations.","Branch collapse, hidden-mode shift, and tail-risk planning failures.",Generic world models and generic uncertainty are crowded.,Open robot data coverage gaps keeps action-critical alternatives explicit until a physical observation collapses them.
53,arxiv:2509.19958v1,Generalist Robot Manipulation beyond Action Labeled Data,2025,arXiv,http://arxiv.org/abs/2509.19958v1,Addresses open robot datasets or a neighboring robotics mechanism.,"Prior work usually predicts, ranks, filters, or imitates observed behavior rather than preserving unrealized branches.",The observed outcome is enough to supervise the model.,"Contact mode support, embodiment limits, and deployment perturbations.","Branch collapse, hidden-mode shift, and tail-risk planning failures.",Generic world models and generic uncertainty are crowded.,Open robot data coverage gaps keeps action-critical alternatives explicit until a physical observation collapses them.
54,arxiv:2507.07829v1,Towards Benchmarking Foundation Models for Tabular Data With Text,2025,arXiv,http://arxiv.org/abs/2507.07829v1,Addresses open robot datasets or a neighboring robotics mechanism.,"Prior work usually predicts, ranks, filters, or imitates observed behavior rather than preserving unrealized branches.",The observed outcome is enough to supervise the model.,"Contact mode support, embodiment limits, and deployment perturbations.","Branch collapse, hidden-mode shift, and tail-risk planning failures.",Generic world models and generic uncertainty are crowded.,Open robot data coverage gaps keeps action-critical alternatives explicit until a physical observation collapses them.
55,doi:10.1186/s40537-025-01163-0,Data imputation in large and small-scale spatiotemporal time series gaps using BackForward Bi-LSTM,2025,Journal Of Big Data,https://doi.org/10.1186/s40537-025-01163-0,Addresses open robot datasets or a neighboring robotics mechanism.,"Prior work usually predicts, ranks, filters, or imitates observed behavior rather than preserving unrealized branches.",The observed outcome is enough to supervise the model.,"Contact mode support, embodiment limits, and deployment perturbations.","Branch collapse, hidden-mode shift, and tail-risk planning failures.",Generic world models and generic uncertainty are crowded.,Open robot data coverage gaps keeps action-critical alternatives explicit until a physical observation collapses them.
56,doi:10.15607/rss.2022.xviii.063,Bridge Data: Boosting Generalization of Robotic Skills with Cross-Domain Datasets,2022,,https://doi.org/10.15607/rss.2022.xviii.063,Addresses open robot datasets or a neighboring robotics mechanism.,"Prior work usually predicts, ranks, filters, or imitates observed behavior rather than preserving unrealized branches.",The observed outcome is enough to supervise the model.,"Contact mode support, embodiment limits, and deployment perturbations.","Branch collapse, hidden-mode shift, and tail-risk planning failures.",Generic world models and generic uncertainty are crowded.,Open robot data coverage gaps keeps action-critical alternatives explicit until a physical observation collapses them.
57,doi:10.7287/peerj.preprints.27215v1,Remaining gaps in open source software for Big Spatial Data,,,https://doi.org/10.7287/peerj.preprints.27215v1,Addresses open robot datasets or a neighboring robotics mechanism.,"Prior work usually predicts, ranks, filters, or imitates observed behavior rather than preserving unrealized branches.",The observed outcome is enough to supervise the model.,"Contact mode support, embodiment limits, and deployment perturbations.","Branch collapse, hidden-mode shift, and tail-risk planning failures.",Generic world models and generic uncertainty are crowded.,Open robot data coverage gaps keeps action-critical alternatives explicit until a physical observation collapses them.
58,doi:10.1109/lascas60203.2024.10506126,Open-Source Cellular IoT Technologies Coverage Data Collection System for Precision Agriculture,2024,2024 IEEE 15th Latin America Symposium on Circuits and Systems (LASCAS),https://doi.org/10.1109/lascas60203.2024.10506126,Addresses open robot datasets or a neighboring robotics mechanism.,"Prior work usually predicts, ranks, filters, or imitates observed behavior rather than preserving unrealized branches.",The observed outcome is enough to supervise the model.,"Contact mode support, embodiment limits, and deployment perturbations.","Branch collapse, hidden-mode shift, and tail-risk planning failures.",Generic world models and generic uncertainty are crowded.,Open robot data coverage gaps keeps action-critical alternatives explicit until a physical observation collapses them.
59,doi:10.3390/info16100894,"Large Language Model Agents for Biomedicine: A Comprehensive Review of Methods, Evaluations, Challenges, and Future Directions",2025,Information,https://doi.org/10.3390/info16100894,Addresses open robot datasets or a neighboring robotics mechanism.,"Prior work usually predicts, ranks, filters, or imitates observed behavior rather than preserving unrealized branches.",The observed outcome is enough to supervise the model.,"Contact mode support, embodiment limits, and deployment perturbations.","Branch collapse, hidden-mode shift, and tail-risk planning failures.",Generic world models and generic uncertainty are crowded.,Open robot data coverage gaps keeps action-critical alternatives explicit until a physical observation collapses them.
60,doi:10.1016/j.robot.2023.104604,Task scheduling for heterogeneous agents pickup and delivery using recurrent open shop scheduling models,2024,Robotics and Autonomous Systems,https://doi.org/10.1016/j.robot.2023.104604,Addresses open robot datasets or a neighboring robotics mechanism.,"Prior work usually predicts, ranks, filters, or imitates observed behavior rather than preserving unrealized branches.",The observed outcome is enough to supervise the model.,"Contact mode support, embodiment limits, and deployment perturbations.","Branch collapse, hidden-mode shift, and tail-risk planning failures.",Generic world models and generic uncertainty are crowded.,Open robot data coverage gaps keeps action-critical alternatives explicit until a physical observation collapses them.
61,doi:10.1016/j.robot.2023.104367,Online task segmentation by merging symbolic and data-driven skill recognition during kinesthetic teaching,2023,Robotics and Autonomous Systems,https://doi.org/10.1016/j.robot.2023.104367,Addresses open robot datasets or a neighboring robotics mechanism.,"Prior work usually predicts, ranks, filters, or imitates observed behavior rather than preserving unrealized branches.",The observed outcome is enough to supervise the model.,"Contact mode support, embodiment limits, and deployment perturbations.","Branch collapse, hidden-mode shift, and tail-risk planning failures.",Generic world models and generic uncertainty are crowded.,Open robot data coverage gaps keeps action-critical alternatives explicit until a physical observation collapses them.
62,arxiv:2410.17742v2,Multi-layered Safety of Redundant Robot Manipulators via Task-oriented Planning and Control,2024,arXiv,http://arxiv.org/abs/2410.17742v2,Addresses open robot datasets or a neighboring robotics mechanism.,"Prior work usually predicts, ranks, filters, or imitates observed behavior rather than preserving unrealized branches.",The observed outcome is enough to supervise the model.,"Contact mode support, embodiment limits, and deployment perturbations.","Branch collapse, hidden-mode shift, and tail-risk planning failures.",Generic world models and generic uncertainty are crowded.,Open robot data coverage gaps keeps action-critical alternatives explicit until a physical observation collapses them.
63,arxiv:2409.11272v7,LOLA -- An Open-Source Massively Multilingual Large Language Model,2024,arXiv,http://arxiv.org/abs/2409.11272v7,Addresses open robot datasets or a neighboring robotics mechanism.,"Prior work usually predicts, ranks, filters, or imitates observed behavior rather than preserving unrealized branches.",The observed outcome is enough to supervise the model.,"Contact mode support, embodiment limits, and deployment perturbations.","Branch collapse, hidden-mode shift, and tail-risk planning failures.",Generic world models and generic uncertainty are crowded.,Open robot data coverage gaps keeps action-critical alternatives explicit until a physical observation collapses them.
64,arxiv:2507.01125v1,"VISTA: Open-Vocabulary, Task-Relevant Robot Exploration with Online Semantic Gaussian Splatting",2025,arXiv,http://arxiv.org/abs/2507.01125v1,Addresses open robot datasets or a neighboring robotics mechanism.,"Prior work usually predicts, ranks, filters, or imitates observed behavior rather than preserving unrealized branches.",The observed outcome is enough to supervise the model.,"Contact mode support, embodiment limits, and deployment perturbations.","Branch collapse, hidden-mode shift, and tail-risk planning failures.",Generic world models and generic uncertainty are crowded.,Open robot data coverage gaps keeps action-critical alternatives explicit until a physical observation collapses them.
65,doi:10.1093/bib/bbad535,ChIP-GPT: a managed large language model for robust data extraction from biomedical database records,2024,Briefings in Bioinformatics,https://doi.org/10.1093/bib/bbad535,Addresses open robot datasets or a neighboring robotics mechanism.,"Prior work usually predicts, ranks, filters, or imitates observed behavior rather than preserving unrealized branches.",The observed outcome is enough to supervise the model.,"Contact mode support, embodiment limits, and deployment perturbations.","Branch collapse, hidden-mode shift, and tail-risk planning failures.",Generic world models and generic uncertainty are crowded.,Open robot data coverage gaps keeps action-critical alternatives explicit until a physical observation collapses them.
66,doi:10.1038/s41524-022-00929-x,Towards overcoming data scarcity in materials science: unifying models and datasets with a mixture of experts framework,2022,npj Computational Materials,https://doi.org/10.1038/s41524-022-00929-x,Addresses open robot datasets or a neighboring robotics mechanism.,"Prior work usually predicts, ranks, filters, or imitates observed behavior rather than preserving unrealized branches.",The observed outcome is enough to supervise the model.,"Contact mode support, embodiment limits, and deployment perturbations.","Branch collapse, hidden-mode shift, and tail-risk planning failures.",Generic world models and generic uncertainty are crowded.,Open robot data coverage gaps keeps action-critical alternatives explicit until a physical observation collapses them.
67,doi:10.3390/bdcc10060176,Modeling Self-Awareness in Embodied Task Planning with LLM-Driven Heuristics,2026,Big Data and Cognitive Computing,https://doi.org/10.3390/bdcc10060176,Addresses open robot datasets or a neighboring robotics mechanism.,"Prior work usually predicts, ranks, filters, or imitates observed behavior rather than preserving unrealized branches.",The observed outcome is enough to supervise the model.,"Contact mode support, embodiment limits, and deployment perturbations.","Branch collapse, hidden-mode shift, and tail-risk planning failures.",Generic world models and generic uncertainty are crowded.,Open robot data coverage gaps keeps action-critical alternatives explicit until a physical observation collapses them.
68,doi:10.1038/s41598-020-59257-z,A data-driven approach to decompose motion data into task-relevant and task-irrelevant components in categorical outcome,2020,Scientific Reports,https://doi.org/10.1038/s41598-020-59257-z,Addresses open robot datasets or a neighboring robotics mechanism.,"Prior work usually predicts, ranks, filters, or imitates observed behavior rather than preserving unrealized branches.",The observed outcome is enough to supervise the model.,"Contact mode support, embodiment limits, and deployment perturbations.","Branch collapse, hidden-mode shift, and tail-risk planning failures.",Generic world models and generic uncertainty are crowded.,Open robot data coverage gaps keeps action-critical alternatives explicit until a physical observation collapses them.
69,doi:10.56294/dm20251150,AfKh-OpenIMU Generator: An open-source platform for simulating INS grades and generating datasets for machine learning applications,2025,Data and Metadata,https://doi.org/10.56294/dm20251150,Addresses open robot datasets or a neighboring robotics mechanism.,"Prior work usually predicts, ranks, filters, or imitates observed behavior rather than preserving unrealized branches.",The observed outcome is enough to supervise the model.,"Contact mode support, embodiment limits, and deployment perturbations.","Branch collapse, hidden-mode shift, and tail-risk planning failures.",Generic world models and generic uncertainty are crowded.,Open robot data coverage gaps keeps action-critical alternatives explicit until a physical observation collapses them.
70,doi:10.3390/math13203250,Beyond Spurious Cues: Adaptive Multi-Modal Fusion via Mixture-of-Experts for Robust Sarcasm Detection,2025,Mathematics,https://doi.org/10.3390/math13203250,Addresses open robot datasets or a neighboring robotics mechanism.,"Prior work usually predicts, ranks, filters, or imitates observed behavior rather than preserving unrealized branches.",The observed outcome is enough to supervise the model.,"Contact mode support, embodiment limits, and deployment perturbations.","Branch collapse, hidden-mode shift, and tail-risk planning failures.",Generic world models and generic uncertainty are crowded.,Open robot data coverage gaps keeps action-critical alternatives explicit until a physical observation collapses them.
71,doi:10.1038/s41598-019-43558-z,Decomposing motion that changes over time into task-relevant and task-irrelevant components in a data-driven manner: application to motor adaptation in whole-body movements,2019,Scientific Reports,https://doi.org/10.1038/s41598-019-43558-z,Addresses open robot datasets or a neighboring robotics mechanism.,"Prior work usually predicts, ranks, filters, or imitates observed behavior rather than preserving unrealized branches.",The observed outcome is enough to supervise the model.,"Contact mode support, embodiment limits, and deployment perturbations.","Branch collapse, hidden-mode shift, and tail-risk planning failures.",Generic world models and generic uncertainty are crowded.,Open robot data coverage gaps keeps action-critical alternatives explicit until a physical observation collapses them.
72,doi:10.1109/sgsma58694.2024.10571440,Open Source Synergy: Developing and Validating PMU Data Analysis Techniques Using Open Source Tools and Datasets,2024,2024 International Conference on Smart Grid Synchronized Measurements and Analytics (SGSMA),https://doi.org/10.1109/sgsma58694.2024.10571440,Addresses open robot datasets or a neighboring robotics mechanism.,"Prior work usually predicts, ranks, filters, or imitates observed behavior rather than preserving unrealized branches.",The observed outcome is enough to supervise the model.,"Contact mode support, embodiment limits, and deployment perturbations.","Branch collapse, hidden-mode shift, and tail-risk planning failures.",Generic world models and generic uncertainty are crowded.,Open robot data coverage gaps keeps action-critical alternatives explicit until a physical observation collapses them.
73,doi:10.1097/ccm.0000000000007019,It Is Time to Move Beyond Task-Specific Critical Care Prediction Models and Prioritize a Foundation Model Built on Continuous Physiological Data,2026,Critical Care Medicine,https://doi.org/10.1097/ccm.0000000000007019,Addresses open robot datasets or a neighboring robotics mechanism.,"Prior work usually predicts, ranks, filters, or imitates observed behavior rather than preserving unrealized branches.",The observed outcome is enough to supervise the model.,"Contact mode support, embodiment limits, and deployment perturbations.","Branch collapse, hidden-mode shift, and tail-risk planning failures.",Generic world models and generic uncertainty are crowded.,Open robot data coverage gaps keeps action-critical alternatives explicit until a physical observation collapses them.
74,arxiv:2410.18835v1,Diffusion for Multi-Embodiment Grasping,2024,arXiv,http://arxiv.org/abs/2410.18835v1,Addresses open robot datasets or a neighboring robotics mechanism.,"Prior work usually predicts, ranks, filters, or imitates observed behavior rather than preserving unrealized branches.",The observed outcome is enough to supervise the model.,"Contact mode support, embodiment limits, and deployment perturbations.","Branch collapse, hidden-mode shift, and tail-risk planning failures.",Generic world models and generic uncertainty are crowded.,Open robot data coverage gaps keeps action-critical alternatives explicit until a physical observation collapses them.
75,doi:10.2139/ssrn.6173748,Bio-Inspired Consensus Algorithms for Task Partitioning in Large Robot Swarms,,,https://doi.org/10.2139/ssrn.6173748,Addresses open robot datasets or a neighboring robotics mechanism.,"Prior work usually predicts, ranks, filters, or imitates observed behavior rather than preserving unrealized branches.",The observed outcome is enough to supervise the model.,"Contact mode support, embodiment limits, and deployment perturbations.","Branch collapse, hidden-mode shift, and tail-risk planning failures.",Generic world models and generic uncertainty are crowded.,Open robot data coverage gaps keeps action-critical alternatives explicit until a physical observation collapses them.
76,doi:10.3390/nu17132196,2D Prediction of the Nutritional Composition of Dishes from Food Images: Deep Learning Algorithm Selection and Data Curation Beyond the Nutrition5k Project,2025,Nutrients,https://doi.org/10.3390/nu17132196,Addresses open robot datasets or a neighboring robotics mechanism.,"Prior work usually predicts, ranks, filters, or imitates observed behavior rather than preserving unrealized branches.",The observed outcome is enough to supervise the model.,"Contact mode support, embodiment limits, and deployment perturbations.","Branch collapse, hidden-mode shift, and tail-risk planning failures.",Generic world models and generic uncertainty are crowded.,Open robot data coverage gaps keeps action-critical alternatives explicit until a physical observation collapses them.
77,doi:10.1016/j.robot.2025.105085,Learning multi-robot task allocation using capsule networks and attention mechanism,2025,Robotics and Autonomous Systems,https://doi.org/10.1016/j.robot.2025.105085,Addresses open robot datasets or a neighboring robotics mechanism.,"Prior work usually predicts, ranks, filters, or imitates observed behavior rather than preserving unrealized branches.",The observed outcome is enough to supervise the model.,"Contact mode support, embodiment limits, and deployment perturbations.","Branch collapse, hidden-mode shift, and tail-risk planning failures.",Generic world models and generic uncertainty are crowded.,Open robot data coverage gaps keeps action-critical alternatives explicit until a physical observation collapses them.
78,arxiv:2511.17441v3,RoboCOIN: An Open-Sourced Bimanual Robotic Data Collection for Integrated Manipulation,2025,arXiv,http://arxiv.org/abs/2511.17441v3,Addresses open robot datasets or a neighboring robotics mechanism.,"Prior work usually predicts, ranks, filters, or imitates observed behavior rather than preserving unrealized branches.",The observed outcome is enough to supervise the model.,"Contact mode support, embodiment limits, and deployment perturbations.","Branch collapse, hidden-mode shift, and tail-risk planning failures.",Generic world models and generic uncertainty are crowded.,Open robot data coverage gaps keeps action-critical alternatives explicit until a physical observation collapses them.
79,arxiv:2510.08807v1,Humanoid Everyday: A Comprehensive Robotic Dataset for Open-World Humanoid Manipulation,2025,arXiv,http://arxiv.org/abs/2510.08807v1,Addresses open robot datasets or a neighboring robotics mechanism.,"Prior work usually predicts, ranks, filters, or imitates observed behavior rather than preserving unrealized branches.",The observed outcome is enough to supervise the model.,"Contact mode support, embodiment limits, and deployment perturbations.","Branch collapse, hidden-mode shift, and tail-risk planning failures.",Generic world models and generic uncertainty are crowded.,Open robot data coverage gaps keeps action-critical alternatives explicit until a physical observation collapses them.
80,doi:10.1016/j.engfailanal.2021.105225,A Bayesian network model for fault diagnosis of a lock mechanism based on degradation data,2021,Engineering Failure Analysis,https://doi.org/10.1016/j.engfailanal.2021.105225,Addresses open robot datasets or a neighboring robotics mechanism.,"Prior work usually predicts, ranks, filters, or imitates observed behavior rather than preserving unrealized branches.",The observed outcome is enough to supervise the model.,"Contact mode support, embodiment limits, and deployment perturbations.","Branch collapse, hidden-mode shift, and tail-risk planning failures.",Generic world models and generic uncertainty are crowded.,Open robot data coverage gaps keeps action-critical alternatives explicit until a physical observation collapses them.
81,doi:10.35566/jbds/v1n2/p5,GPS2space: An Open-source Python Library for Spatial Measure Extraction from GPS Data,2021,Journal of Behavioral Data Science,https://doi.org/10.35566/jbds/v1n2/p5,Addresses open robot datasets or a neighboring robotics mechanism.,"Prior work usually predicts, ranks, filters, or imitates observed behavior rather than preserving unrealized branches.",The observed outcome is enough to supervise the model.,"Contact mode support, embodiment limits, and deployment perturbations.","Branch collapse, hidden-mode shift, and tail-risk planning failures.",Generic world models and generic uncertainty are crowded.,Open robot data coverage gaps keeps action-critical alternatives explicit until a physical observation collapses them.
82,doi:10.5244/c.30.142,Beyond Action Recognition: Action Completion in RGB-D Data,2016,Procedings of the British Machine Vision Conference 2016,https://doi.org/10.5244/c.30.142,Addresses open robot datasets or a neighboring robotics mechanism.,"Prior work usually predicts, ranks, filters, or imitates observed behavior rather than preserving unrealized branches.",The observed outcome is enough to supervise the model.,"Contact mode support, embodiment limits, and deployment perturbations.","Branch collapse, hidden-mode shift, and tail-risk planning failures.",Generic world models and generic uncertainty are crowded.,Open robot data coverage gaps keeps action-critical alternatives explicit until a physical observation collapses them.
83,doi:10.3390/drones8090493,Multi-Robot Path Planning Algorithm for Collaborative Mapping under Communication Constraints,2024,Drones,https://doi.org/10.3390/drones8090493,Addresses open robot datasets or a neighboring robotics mechanism.,"Prior work usually predicts, ranks, filters, or imitates observed behavior rather than preserving unrealized branches.",The observed outcome is enough to supervise the model.,"Contact mode support, embodiment limits, and deployment perturbations.","Branch collapse, hidden-mode shift, and tail-risk planning failures.",Generic world models and generic uncertainty are crowded.,Open robot data coverage gaps keeps action-critical alternatives explicit until a physical observation collapses them.
84,doi:10.1177/02783649241281508,"Foundation models in robotics: Applications, challenges, and the future",2025,The International Journal of Robotics Research,https://doi.org/10.1177/02783649241281508,Addresses open robot datasets or a neighboring robotics mechanism.,"Prior work usually predicts, ranks, filters, or imitates observed behavior rather than preserving unrealized branches.",The observed outcome is enough to supervise the model.,"Contact mode support, embodiment limits, and deployment perturbations.","Branch collapse, hidden-mode shift, and tail-risk planning failures.",Generic world models and generic uncertainty are crowded.,Open robot data coverage gaps keeps action-critical alternatives explicit until a physical observation collapses them.
85,doi:10.1142/s0219843623500299,From Embodiment to Super-Embodiment: An Approach to Open-Ended and Human Aligned Intelligence/Mind,2024,International Journal of Humanoid Robotics,https://doi.org/10.1142/s0219843623500299,Addresses open robot datasets or a neighboring robotics mechanism.,"Prior work usually predicts, ranks, filters, or imitates observed behavior rather than preserving unrealized branches.",The observed outcome is enough to supervise the model.,"Contact mode support, embodiment limits, and deployment perturbations.","Branch collapse, hidden-mode shift, and tail-risk planning failures.",Generic world models and generic uncertainty are crowded.,Open robot data coverage gaps keeps action-critical alternatives explicit until a physical observation collapses them.
86,doi:10.21105/joss.06715,One4All: An Open Source Portal to Validate and Share Microplastics Data and Beyond,2024,Journal of Open Source Software,https://doi.org/10.21105/joss.06715,Addresses open robot datasets or a neighboring robotics mechanism.,"Prior work usually predicts, ranks, filters, or imitates observed behavior rather than preserving unrealized branches.",The observed outcome is enough to supervise the model.,"Contact mode support, embodiment limits, and deployment perturbations.","Branch collapse, hidden-mode shift, and tail-risk planning failures.",Generic world models and generic uncertainty are crowded.,Open robot data coverage gaps keeps action-critical alternatives explicit until a physical observation collapses them.
87,doi:10.1007/s12021-025-09753-2,opynfield: An Open-Source Python Package for the Analysis of Open Field Exploration Data,2025,Neuroinformatics,https://doi.org/10.1007/s12021-025-09753-2,Addresses open robot datasets or a neighboring robotics mechanism.,"Prior work usually predicts, ranks, filters, or imitates observed behavior rather than preserving unrealized branches.",The observed outcome is enough to supervise the model.,"Contact mode support, embodiment limits, and deployment perturbations.","Branch collapse, hidden-mode shift, and tail-risk planning failures.",Generic world models and generic uncertainty are crowded.,Open robot data coverage gaps keeps action-critical alternatives explicit until a physical observation collapses them.
88,doi:10.62311/nesx/rb-978-81-999716-2-2,Data-Driven Robotics: Vision–Language–Action Learning for Robust Manipulation and Autonomy,2026,,https://doi.org/10.62311/nesx/rb-978-81-999716-2-2,Addresses open robot datasets or a neighboring robotics mechanism.,"Prior work usually predicts, ranks, filters, or imitates observed behavior rather than preserving unrealized branches.",The observed outcome is enough to supervise the model.,"Contact mode support, embodiment limits, and deployment perturbations.","Branch collapse, hidden-mode shift, and tail-risk planning failures.",Generic world models and generic uncertainty are crowded.,Open robot data coverage gaps keeps action-critical alternatives explicit until a physical observation collapses them.
89,arxiv:2411.05821v2,"Benchmarking Vision, Language, & Action Models on Robotic Learning Tasks",2024,arXiv,http://arxiv.org/abs/2411.05821v2,Addresses open robot datasets or a neighboring robotics mechanism.,"Prior work usually predicts, ranks, filters, or imitates observed behavior rather than preserving unrealized branches.",The observed outcome is enough to supervise the model.,"Contact mode support, embodiment limits, and deployment perturbations.","Branch collapse, hidden-mode shift, and tail-risk planning failures.",Generic world models and generic uncertainty are crowded.,Open robot data coverage gaps keeps action-critical alternatives explicit until a physical observation collapses them.
90,doi:10.1109/jiot.2021.3081772,"Connected Sensors, Innovative Sensor Deployment, and Intelligent Data Analysis for Online Water Quality Monitoring",2021,IEEE Internet of Things Journal,https://doi.org/10.1109/jiot.2021.3081772,Addresses open robot datasets or a neighboring robotics mechanism.,"Prior work usually predicts, ranks, filters, or imitates observed behavior rather than preserving unrealized branches.",The observed outcome is enough to supervise the model.,"Contact mode support, embodiment limits, and deployment perturbations.","Branch collapse, hidden-mode shift, and tail-risk planning failures.",Generic world models and generic uncertainty are crowded.,Open robot data coverage gaps keeps action-critical alternatives explicit until a physical observation collapses them.
91,doi:10.3389/fdata.2023.1210559,Benchmarking open source and paid services for speech to text: an analysis of quality and input variety,2023,Frontiers in Big Data,https://doi.org/10.3389/fdata.2023.1210559,Addresses open robot datasets or a neighboring robotics mechanism.,"Prior work usually predicts, ranks, filters, or imitates observed behavior rather than preserving unrealized branches.",The observed outcome is enough to supervise the model.,"Contact mode support, embodiment limits, and deployment perturbations.","Branch collapse, hidden-mode shift, and tail-risk planning failures.",Generic world models and generic uncertainty are crowded.,Open robot data coverage gaps keeps action-critical alternatives explicit until a physical observation collapses them.
92,doi:10.58866/hqke7327,"Open-Source Intelligence, Armed Conflict, and the Rights to Privacy and Data Protection",2023,Security and Human Rights,https://doi.org/10.58866/hqke7327,Addresses open robot datasets or a neighboring robotics mechanism.,"Prior work usually predicts, ranks, filters, or imitates observed behavior rather than preserving unrealized branches.",The observed outcome is enough to supervise the model.,"Contact mode support, embodiment limits, and deployment perturbations.","Branch collapse, hidden-mode shift, and tail-risk planning failures.",Generic world models and generic uncertainty are crowded.,Open robot data coverage gaps keeps action-critical alternatives explicit until a physical observation collapses them.
93,doi:10.1002/rnc.70102,Learning Event‐Triggered Model Predictive Control From Data With Hierarchical Reinforcement Learning,2026,International Journal of Robust and Nonlinear Control,https://doi.org/10.1002/rnc.70102,Addresses open robot datasets or a neighboring robotics mechanism.,"Prior work usually predicts, ranks, filters, or imitates observed behavior rather than preserving unrealized branches.",The observed outcome is enough to supervise the model.,"Contact mode support, embodiment limits, and deployment perturbations.","Branch collapse, hidden-mode shift, and tail-risk planning failures.",Generic world models and generic uncertainty are crowded.,Open robot data coverage gaps keeps action-critical alternatives explicit until a physical observation collapses them.
94,arxiv:2504.04612v2,Tool-as-Interface: Learning Robot Policies from Observing Human Tool Use,2025,arXiv,http://arxiv.org/abs/2504.04612v2,Addresses open robot datasets or a neighboring robotics mechanism.,"Prior work usually predicts, ranks, filters, or imitates observed behavior rather than preserving unrealized branches.",The observed outcome is enough to supervise the model.,"Contact mode support, embodiment limits, and deployment perturbations.","Branch collapse, hidden-mode shift, and tail-risk planning failures.",Generic world models and generic uncertainty are crowded.,Open robot data coverage gaps keeps action-critical alternatives explicit until a physical observation collapses them.
95,doi:10.1109/mra.2018.2815081,"The Task-Motion Kit: An Open Source, General-Purpose Task and Motion-Planning Framework",2018,IEEE Robotics & Automation Magazine,https://doi.org/10.1109/mra.2018.2815081,Addresses open robot datasets or a neighboring robotics mechanism.,"Prior work usually predicts, ranks, filters, or imitates observed behavior rather than preserving unrealized branches.",The observed outcome is enough to supervise the model.,"Contact mode support, embodiment limits, and deployment perturbations.","Branch collapse, hidden-mode shift, and tail-risk planning failures.",Generic world models and generic uncertainty are crowded.,Open robot data coverage gaps keeps action-critical alternatives explicit until a physical observation collapses them.
96,doi:10.1109/icra55743.2025.11127372,Task-Aware Semantic Map: Autonomous Robot Task Assignment Beyond Commands,2025,2025 IEEE International Conference on Robotics and Automation (ICRA),https://doi.org/10.1109/icra55743.2025.11127372,Addresses open robot datasets or a neighboring robotics mechanism.,"Prior work usually predicts, ranks, filters, or imitates observed behavior rather than preserving unrealized branches.",The observed outcome is enough to supervise the model.,"Contact mode support, embodiment limits, and deployment perturbations.","Branch collapse, hidden-mode shift, and tail-risk planning failures.",Generic world models and generic uncertainty are crowded.,Open robot data coverage gaps keeps action-critical alternatives explicit until a physical observation collapses them.
97,doi:10.1007/s10015-024-00990-3,Modeling task immersion based on goal activation mechanism,2025,Artificial Life and Robotics,https://doi.org/10.1007/s10015-024-00990-3,Addresses open robot datasets or a neighboring robotics mechanism.,"Prior work usually predicts, ranks, filters, or imitates observed behavior rather than preserving unrealized branches.",The observed outcome is enough to supervise the model.,"Contact mode support, embodiment limits, and deployment perturbations.","Branch collapse, hidden-mode shift, and tail-risk planning failures.",Generic world models and generic uncertainty are crowded.,Open robot data coverage gaps keeps action-critical alternatives explicit until a physical observation collapses them.
98,arxiv:2004.05188v1,On Strong Scaling and Open Source Tools for Analyzing Atom Probe Tomography Data,2020,arXiv,http://arxiv.org/abs/2004.05188v1,Addresses open robot datasets or a neighboring robotics mechanism.,"Prior work usually predicts, ranks, filters, or imitates observed behavior rather than preserving unrealized branches.",The observed outcome is enough to supervise the model.,"Contact mode support, embodiment limits, and deployment perturbations.","Branch collapse, hidden-mode shift, and tail-risk planning failures.",Generic world models and generic uncertainty are crowded.,Open robot data coverage gaps keeps action-critical alternatives explicit until a physical observation collapses them.
99,arxiv:2601.16985v1,Breaking Task Impasses Quickly: Adaptive Neuro-Symbolic Learning for Open-World Robotics,2026,arXiv,http://arxiv.org/abs/2601.16985v1,Addresses open robot datasets or a neighboring robotics mechanism.,"Prior work usually predicts, ranks, filters, or imitates observed behavior rather than preserving unrealized branches.",The observed outcome is enough to supervise the model.,"Contact mode support, embodiment limits, and deployment perturbations.","Branch collapse, hidden-mode shift, and tail-risk planning failures.",Generic world models and generic uncertainty are crowded.,Open robot data coverage gaps keeps action-critical alternatives explicit until a physical observation collapses them.
100,arxiv:2502.19645v2,Fine-Tuning Vision-Language-Action Models: Optimizing Speed and Success,2025,arXiv,http://arxiv.org/abs/2502.19645v2,Addresses open robot datasets or a neighboring robotics mechanism.,"Prior work usually predicts, ranks, filters, or imitates observed behavior rather than preserving unrealized branches.",The observed outcome is enough to supervise the model.,"Contact mode support, embodiment limits, and deployment perturbations.","Branch collapse, hidden-mode shift, and tail-risk planning failures.",Generic world models and generic uncertainty are crowded.,Open robot data coverage gaps keeps action-critical alternatives explicit until a physical observation collapses them.
